<?xml version="1.0" encoding="UTF-8"?>
<!DOCTYPE xml>

<Configuration status="WARN">
	<Properties>
		<Property name="LOG_PATTERN">%d{HH:mm:ss.SSS} [%t] %-5level TEST_EXAMPLE:
			%logger{36} - %msg%n</Property>
		<property name="APP_DATA">/data/junglelid/tomcat/logs/</property>
	</Properties>
	<Appenders>
		<Console name="consoleAppender" target="SYSTEM_OUT"
			follow="true">
			<PatternLayout pattern="${LOG_PATTERN}" />
		</Console>

		<RollingFile name="logAppender"
			fileName="${APP_DATA}/testApi.log"
			filePattern="testApi-%d{yyyy-MM-dd}.log.gz">
			<PatternLayout>
				<Pattern>${LOG_PATTERN}</Pattern>
			</PatternLayout>
			<Policies>
				<TimeBasedTriggeringPolicy interval="1"
					modulate="true" />
			</Policies>
			<DefaultRolloverStrategy max="20" />
		</RollingFile>
		<RollingFile name="errAppender"
			fileName="${APP_DATA}/testApi-error.log"
			filePattern="testApi-%d{yyyy-MM-dd}.log.gz">
			<PatternLayout>
				<Pattern>${LOG_PATTERN}</Pattern>
			</PatternLayout>
			<Policies>
				<TimeBasedTriggeringPolicy interval="1"
					modulate="true" />
			</Policies>
			<DefaultRolloverStrategy max="20" />
		</RollingFile>
		<RollingFile name="reportingAppender"
			fileName="${APP_DATA}/testApi-services-transaction.log"
			filePattern="testApi-services-%d{yyyy-MM-dd}.log.gz">
			<PatternLayout>
				<Pattern>${LOG_PATTERN}</Pattern>
			</PatternLayout>
			<Policies>
				<TimeBasedTriggeringPolicy interval="1"
					modulate="true" />
			</Policies>
			<DefaultRolloverStrategy max="20" />
		</RollingFile>
	</Appenders>
	<Loggers>

		<Logger name="com.aexp" level="INFO" additivity="false">
			<AppenderRef ref="logAppender" />
			<AppenderRef ref="errAppender" level="ERROR" />
		</Logger>
		<Root level="INFO">
			<AppenderRef ref="logAppender" />
			<AppenderRef ref="errAppender" />
			<AppenderRef ref="consoleAppender" />
		</Root>

	</Loggers>
</Configuration>